﻿Designator,Quantity,Value,Footprint,Package,MPN,DNP,Mount_Type,Description
C1,1,1.5u,CP_Axial_L30.0mm_D10.0mm_P35.00mm_Horizontal,,,,tht,Unpolarized capacitor
C2,1,2.2u,CP_Axial_L30.0mm_D15.0mm_P35.00mm_Horizontal,,,,tht,Unpolarized capacitor
C3,1,.22u,CP_Axial_L18.0mm_D8.0mm_P25.00mm_Horizontal,,,,tht,Unpolarized capacitor
C4,1,6.8u,CP_Axial_L46.0mm_D20.0mm_P52.00mm_Horizontal,,,,tht,Unpolarized capacitor
J1,1,Screw_Terminal_01x02,TerminalBlock_MaiXu_MX126-5.0-02P_1x02_P5.00mm,,,,tht,"Generic screw terminal, single row, 01x02, script generated (kicad-library-utils/schlib/autogen/connector/)"
J2,1,Screw_Terminal_01x04,TerminalBlock_MaiXu_MX126-5.0-04P_1x04_P5.00mm,,,,tht,"Generic screw terminal, single row, 01x04, script generated (kicad-library-utils/schlib/autogen/connector/)"
L1,1,.35m,L_Toroid_Vertical_L31.8mm_W15.9mm_P13.50mm_Bourns_5700,,,,tht,Inductor
L2,1,1.1m,L_Toroid_Horizontal_D41.9mm_P37.60mm_Vishay_TJ7,,,,tht,Inductor
R1,1,6,R_Axial_Shunt_L47.6mm_W12.7mm_PS34.93mm_P50.80mm,,,,tht,Resistor
R2,1,10,R_Axial_Shunt_L47.6mm_W12.7mm_PS34.93mm_P50.80mm,,,,tht,Resistor
