﻿pos_x,pos_y,rotation,side,designator,mpn,pack,footprint,value,mount_type
51.5,-34.5,0.0,top,C1,,,CP_Axial_L30.0mm_D10.0mm_P35.00mm_Horizontal,1.5u,tht
101.5,-37.0,0.0,top,C2,,,CP_Axial_L30.0mm_D15.0mm_P35.00mm_Horizontal,2.2u,tht
62.5,-90.5,0.0,top,C3,,,CP_Axial_L18.0mm_D8.0mm_P25.00mm_Horizontal,.22u,tht
107.0,-100.0,0.0,top,C4,,,CP_Axial_L46.0mm_D20.0mm_P52.00mm_Horizontal,6.8u,tht
49.0,-88.0,-90.0,top,J1,,,TerminalBlock_MaiXu_MX126-5.0-02P_1x02_P5.00mm,Screw_Terminal_01x02,tht
158.0,-82.5,90.0,top,J2,,,TerminalBlock_MaiXu_MX126-5.0-04P_1x04_P5.00mm,Screw_Terminal_01x04,tht
113.0,-60.5,0.0,top,L1,,,L_Toroid_Vertical_L31.8mm_W15.9mm_P13.50mm_Bourns_5700,.35m,tht
53.4875,-62.5,0.0,top,L2,,,L_Toroid_Horizontal_D41.9mm_P37.60mm_Vishay_TJ7,1.1m,tht
145.5,-81.4,90.0,top,R1,,,R_Axial_Shunt_L47.6mm_W12.7mm_PS34.93mm_P50.80mm,6,tht
98.9,-103.5,180.0,top,R2,,,R_Axial_Shunt_L47.6mm_W12.7mm_PS34.93mm_P50.80mm,10,tht
